user_id,item_id,star_rating
1,114,1
1,269,1
1,191,5
1,281,1
1,106,3
1,41,1
1,86,5
1,137,1
1,64,3
1,93,3
1,142,1
1,268,3
1,207,4
1,156,2
1,121,2
1,37,2
1,199,3
1,59,1
1,58,5
1,231,1
2,61,4
2,71,2
2,189,5
2,151,2
2,39,2
2,239,3
2,16,2
2,236,3
2,282,4
2,140,5
2,53,1
2,63,2
2,78,1
2,158,5
2,123,1
2,201,3
2,257,1
2,184,5
2,198,2
2,265,4
3,23,4
3,112,2
3,3,1
3,139,5
3,162,4
3,252,1
3,49,4
3,145,5
3,242,3
3,152,2
3,297,3
3,246,1
3,183,4
3,258,2
3,270,5
3,193,3
3,107,3
3,109,3
3,207,1
3,95,4
4,217,5
4,126,3
4,71,4
4,177,1
4,195,4
4,211,5
4,107,4
4,15,5
4,116,4
4,34,2
4,76,4
4,237,1
4,70,1
4,36,4
4,299,3
4,257,5
4,285,3
4,110,1
4,209,3
4,129,2
5,16,1
5,167,5
5,280,5
5,260,1
5,158,2
5,297,5
5,30,3
5,181,3
5,195,2
5,273,4
5,134,3
5,102,4
5,299,4
5,27,3
5,226,4
5,113,4
5,230,2
5,39,3
5,24,3
5,71,1
6,230,3
6,242,5
6,150,4
6,136,1
6,224,3
6,217,3
6,57,2
6,198,5
6,290,1
6,197,3
6,153,1
6,141,3
6,135,3
6,152,1
6,178,2
6,256,4
6,77,2
6,163,2
6,162,5
6,69,3
7,81,2
7,215,5
7,96,5
7,191,5
7,95,2
7,185,5
7,94,2
7,274,5
7,127,3
7,267,3
7,199,4
7,109,5
7,220,2
7,63,5
7,66,5
7,189,3
7,161,3
7,120,3
7,12,4
7,268,2
8,78,3
8,7,2
8,179,4
8,168,3
8,286,5
8,114,3
8,68,2
8,93,1
8,134,3
8,44,5
8,106,3
8,32,1
8,139,1
8,199,5
8,252,5
8,258,4
8,151,5
8,81,1
8,287,4
8,72,3
9,51,4
9,140,2
9,297,5
9,24,1
9,260,3
9,268,3
9,84,1
9,94,3
9,211,2
9,204,5
9,154,2
9,62,1
9,295,5
9,255,3
9,37,4
9,47,1
9,97,1
9,209,2
9,85,1
9,121,2
10,102,1
10,228,4
10,274,1
10,40,5
10,158,1
10,247,2
10,252,3
10,113,1
10,43,4
10,123,1
10,120,1
10,44,3
10,87,2
10,105,3
10,226,2
10,27,4
10,241,5
10,150,4
10,254,5
10,36,1
11,94,4
11,23,1
11,58,5
11,241,2
11,213,5
11,153,5
11,73,3
11,65,2
11,126,1
11,279,3
11,185,4
11,222,3
11,40,3
11,123,1
11,221,1
11,282,5
11,230,5
11,265,3
11,183,1
11,229,1
12,24,1
12,62,2
12,172,2
12,75,5
12,65,3
12,178,2
12,64,1
12,95,4
12,184,3
12,35,5
12,71,5
12,234,1
12,79,5
12,29,5
12,87,1
12,137,5
12,150,3
12,217,4
12,81,4
12,179,5
13,194,1
13,118,5
13,86,4
13,95,4
13,256,3
13,41,3
13,109,4
13,130,4
13,238,4
13,178,1
13,120,2
13,203,5
13,213,2
13,49,1
13,124,1
13,210,3
13,110,4
13,192,4
13,226,4
13,223,3
14,292,2
14,133,2
14,160,2
14,269,1
14,267,3
14,205,2
14,189,1
14,270,5
14,91,4
14,146,4
14,285,4
14,185,3
14,290,3
14,249,5
14,10,1
14,72,3
14,45,3
14,59,2
14,250,1
14,81,4
15,57,3
15,96,1
15,277,4
15,20,4
15,278,3
15,29,5
15,183,1
15,83,2
15,227,5
15,12,5
15,221,1
15,75,4
15,230,2
15,87,3
15,58,3
15,291,5
15,165,4
15,255,1
15,3,5
15,242,3
16,145,1
16,94,2
16,135,2
16,1,1
16,4,2
16,3,3
16,132,3
16,252,1
16,98,5
16,187,1
16,48,2
16,21,4
16,254,2
16,186,2
16,11,3
16,224,5
16,44,4
16,146,3
16,96,1
16,92,1
17,146,4
17,198,3
17,98,2
17,52,2
17,288,2
17,91,3
17,253,3
17,275,4
17,160,1
17,297,5
17,112,4
17,182,2
17,230,4
17,234,1
17,208,1
17,194,5
17,106,3
17,19,2
17,200,3
17,149,2
18,229,5
18,219,1
18,267,2
18,195,5
18,138,3
18,39,5
18,49,2
18,42,4
18,117,1
18,206,1
18,27,3
18,191,1
18,200,1
18,73,2
18,294,5
18,14,2
18,33,5
18,146,2
18,207,2
18,121,2
19,179,4
19,196,4
19,23,5
19,81,5
19,225,5
19,238,5
19,262,2
19,106,3
19,31,3
19,288,2
19,49,3
19,115,4
19,213,4
19,63,4
19,210,3
19,114,5
19,61,3
19,125,3
19,228,4
19,53,3
20,55,2
20,158,1
20,62,2
20,245,5
20,167,5
20,189,5
20,153,1
20,99,1
20,227,3
20,212,4
20,45,1
20,235,5
20,147,4
20,237,5
20,166,3
20,283,4
20,239,4
20,71,2
20,17,5
20,134,5
21,94,1
21,207,3
21,50,3
21,243,2
21,238,4
21,132,3
21,96,5
21,39,2
21,182,4
21,229,4
21,24,3
21,191,4
21,5,2
21,87,1
21,49,1
21,234,3
21,150,1
21,171,5
21,102,4
21,223,2
22,33,3
22,276,3
22,241,3
22,84,5
22,131,4
22,52,5
22,97,3
22,257,5
22,149,5
22,295,3
22,59,1
22,187,4
22,76,1
22,81,5
22,174,1
22,42,4
22,283,1
22,177,3
22,288,2
22,36,1
23,113,2
23,248,4
23,241,3
23,108,4
23,245,2
23,269,4
23,111,2
23,298,5
23,133,1
23,117,1
23,153,2
23,112,5
23,86,1
23,50,4
23,229,4
23,273,1
23,164,1
23,169,3
23,227,4
23,266,4
24,193,1
24,70,3
24,170,4
24,147,4
24,68,1
24,149,5
24,146,4
24,112,1
24,275,5
24,76,3
24,156,2
24,229,2
24,261,1
24,173,4
24,11,2
24,212,5
24,29,4
24,134,1
24,237,3
24,41,5
25,84,1
25,223,4
25,3,2
25,118,1
25,236,5
25,163,3
25,141,2
25,156,5
25,208,3
25,150,2
25,256,3
25,171,4
25,30,3
25,218,4
25,216,3
25,198,1
25,106,1
25,188,5
25,271,5
25,133,1
26,158,2
26,288,5
26,275,1
26,218,1
26,189,2
26,231,2
26,49,1
26,93,2
26,124,5
26,122,1
26,143,2
26,251,3
26,146,4
26,156,4
26,13,4
26,283,5
26,5,3
26,94,4
26,155,1
26,116,4
27,46,2
27,115,5
27,45,1
27,51,4
27,43,3
27,264,3
27,154,5
27,94,1
27,295,2
27,123,4
27,116,3
27,69,5
27,159,2
27,175,5
27,296,1
27,132,1
27,8,5
27,218,3
27,53,2
27,197,1
28,240,1
28,113,5
28,230,5
28,45,3
28,103,5
28,252,1
28,141,4
28,75,5
28,124,5
28,144,3
28,137,5
28,140,2
28,294,1
28,78,1
28,33,4
28,206,5
28,292,1
28,116,2
28,216,5
28,261,4
29,226,3
29,82,2
29,234,5
29,260,5
29,74,2
29,293,1
29,228,2
29,160,4
29,271,1
29,232,2
29,159,4
29,89,2
29,197,1
29,292,2
29,179,2
29,284,3
29,80,1
29,205,4
29,144,4
29,62,5
30,196,5
30,298,3
30,152,4
30,285,2
30,259,5
30,89,1
30,216,1
30,212,1
30,35,2
30,147,1
30,202,4
30,189,5
30,20,2
30,19,3
30,3,5
30,80,4
30,264,3
30,288,1
30,7,2
30,296,4
31,288,1
31,229,3
31,265,1
31,266,3
31,110,2
31,292,2
31,157,4
31,17,2
31,155,3
31,63,3
31,146,3
31,52,2
31,81,3
31,218,1
31,134,3
31,278,3
31,249,2
31,21,1
31,19,2
31,136,4
32,113,2
32,294,4
32,267,3
32,148,5
32,131,3
32,192,1
32,91,3
32,158,5
32,138,3
32,156,4
32,175,1
32,293,2
32,268,1
32,84,1
32,1,1
32,261,1
32,195,3
32,183,3
32,273,3
32,122,5
33,139,2
33,166,5
33,66,3
33,191,3
33,91,1
33,33,2
33,200,1
33,199,3
33,275,4
33,137,3
33,36,4
33,203,2
33,216,1
33,185,2
33,205,3
33,3,5
33,1,2
33,278,5
33,159,3
33,123,1
34,36,1
34,4,5
34,222,4
34,161,5
34,22,2
34,287,2
34,234,4
34,199,5
34,122,1
34,64,4
34,52,1
34,295,4
34,117,1
34,72,3
34,252,1
34,286,5
34,136,2
34,191,1
34,215,5
34,241,3
35,208,3
35,80,4
35,299,2
35,31,4
35,21,4
35,285,2
35,225,3
35,76,1
35,187,3
35,108,2
35,55,4
35,290,5
35,286,1
35,229,4
35,128,2
35,84,1
35,188,2
35,14,5
35,65,4
35,96,2
36,68,3
36,218,5
36,53,3
36,46,2
36,49,2
36,64,5
36,245,5
36,9,4
36,198,5
36,163,1
36,280,5
36,164,3
36,160,4
36,147,2
36,249,3
36,179,2
36,41,4
36,69,1
36,31,3
36,136,5
37,233,4
37,277,5
37,36,4
37,258,4
37,252,4
37,197,3
37,204,1
37,94,3
37,85,1
37,240,1
37,291,3
37,231,5
37,124,4
37,133,3
37,113,4
37,43,4
37,229,2
37,100,3
37,98,4
37,35,4
38,230,2
38,98,1
38,156,1
38,90,2
38,17,2
38,15,3
38,33,4
38,212,3
38,256,3
38,78,2
38,232,5
38,145,1
38,202,2
38,278,4
38,238,5
38,149,2
38,250,3
38,112,1
38,107,3
38,123,1
39,121,3
39,271,5
39,151,5
39,85,1
39,75,2
39,290,3
39,28,3
39,11,1
39,296,2
39,26,4
39,217,1
39,148,3
39,83,2
39,233,5
39,142,2
39,191,2
39,43,1
39,157,5
39,73,5
39,220,5
40,188,4
40,83,1
40,73,3
40,64,3
40,280,4
40,104,3
40,288,4
40,200,3
40,182,4
40,30,1
40,59,1
40,55,5
40,126,5
40,269,3
40,258,5
40,48,4
40,227,4
40,67,1
40,18,1
40,178,3
41,200,4
41,64,3
41,223,3
41,229,3
41,77,3
41,182,3
41,246,3
41,106,2
41,101,2
41,199,5
41,257,4
41,249,4
41,56,5
41,289,5
41,168,2
41,4,1
41,213,4
41,176,3
41,7,3
41,226,4
42,149,5
42,154,2
42,237,3
42,97,1
42,18,1
42,191,1
42,57,5
42,116,1
42,46,3
42,197,5
42,62,4
42,267,4
42,219,5
42,94,1
42,298,1
42,12,4
42,198,4
42,44,4
42,113,2
42,65,5
43,43,5
43,6,1
43,208,2
43,181,1
43,46,3
43,175,5
43,152,4
43,252,1
43,269,2
43,86,4
43,147,4
43,291,1
43,102,3
43,275,4
43,129,3
43,258,3
43,167,4
43,88,5
43,123,1
43,49,4
44,129,2
44,262,2
44,215,1
44,229,3
44,37,3
44,130,4
44,197,2
44,259,1
44,118,1
44,212,1
44,111,4
44,218,5
44,174,4
44,168,4
44,88,4
44,240,2
44,1,2
44,239,1
44,12,4
44,115,3
45,249,1
45,85,5
45,132,5
45,43,2
45,110,5
45,117,3
45,124,4
45,37,4
45,232,3
45,131,2
45,287,5
45,102,1
45,258,4
45,188,4
45,264,1
45,246,4
45,177,2
45,235,4
45,105,1
45,186,1
46,141,3
46,234,5
46,119,2
46,46,1
46,188,4
46,273,3
46,87,5
46,176,5
46,25,2
46,127,2
46,114,5
46,9,5
46,23,1
46,68,5
46,113,1
46,52,2
46,214,1
46,283,1
46,94,1
46,292,1
47,287,5
47,57,1
47,263,4
47,279,3
47,128,3
47,250,5
47,36,1
47,214,3
47,259,3
47,194,4
47,240,4
47,118,4
47,157,4
47,244,2
47,264,1
47,216,1
47,278,2
47,218,3
47,52,2
47,126,3
48,171,2
48,297,1
48,93,1
48,56,4
48,77,4
48,164,3
48,28,2
48,119,5
48,70,1
48,174,3
48,13,5
48,180,3
48,265,2
48,183,3
48,202,5
48,2,5
48,139,1
48,244,5
48,185,1
48,210,5
49,289,1
49,105,1
49,46,4
49,170,2
49,204,2
49,248,5
49,266,5
49,203,1
49,260,2
49,55,1
49,56,2
49,114,5
49,148,4
49,45,2
49,42,3
49,216,2
49,283,1
49,258,4
49,157,5
49,96,2
50,155,3
50,157,3
50,118,4
50,19,3
50,152,3
50,23,2
50,221,3
50,257,3
50,262,5
50,204,2
50,200,5
50,216,4
50,122,3
50,161,3
50,99,3
50,107,5
50,130,1
50,138,5
50,11,1
50,106,1
51,227,4
51,67,3
51,266,4
51,290,3
51,32,1
51,123,1
51,101,5
51,29,4
51,13,2
51,270,5
51,233,3
51,132,2
51,183,2
51,216,4
51,74,3
51,292,1
51,137,5
51,105,4
51,6,1
51,274,3
52,36,5
52,128,3
52,253,2
52,272,2
52,236,4
52,293,2
52,119,5
52,219,5
52,152,5
52,157,4
52,241,4
52,14,5
52,160,3
52,79,5
52,222,5
52,50,3
52,6,3
52,233,4
52,184,1
52,245,4
53,285,5
53,77,1
53,82,3
53,126,5
53,165,5
53,254,5
53,243,3
53,98,3
53,197,3
53,27,1
53,64,2
53,112,1
53,48,2
53,25,1
53,275,2
53,4,5
53,298,4
53,41,4
53,175,5
53,71,1
54,118,5
54,53,3
54,202,3
54,188,2
54,274,3
54,77,5
54,44,3
54,126,5
54,64,5
54,55,4
54,197,5
54,163,4
54,129,3
54,71,4
54,201,4
54,26,3
54,13,2
54,67,5
54,166,1
54,73,2
55,203,1
55,98,5
55,97,2
55,58,4
55,50,4
55,150,4
55,236,3
55,57,4
55,271,5
55,113,3
55,260,1
55,112,5
55,131,4
55,257,1
55,68,4
55,296,3
55,81,3
55,71,5
55,206,2
55,125,2
56,63,1
56,60,4
56,168,2
56,273,3
56,260,5
56,54,5
56,115,2
56,226,1
56,129,5
56,182,3
56,149,1
56,191,5
56,23,5
56,52,1
56,104,5
56,20,1
56,124,5
56,259,5
56,120,3
56,125,5
57,180,2
57,13,5
57,58,2
57,279,1
57,156,5
57,237,3
57,142,1
57,281,3
57,280,3
57,238,5
57,89,2
57,243,4
57,86,2
57,112,1
57,188,1
57,87,3
57,200,2
57,177,3
57,299,2
57,130,5
58,85,2
58,281,5
58,31,2
58,149,2
58,280,5
58,33,4
58,7,1
58,115,3
58,282,4
58,156,3
58,15,4
58,157,5
58,104,5
58,228,5
58,87,1
58,18,2
58,11,3
58,154,4
58,186,4
58,222,3
59,13,3
59,156,2
59,57,3
59,43,2
59,158,5
59,111,4
59,235,3
59,240,5
59,246,5
59,261,5
59,85,1
59,5,4
59,149,1
59,161,1
59,192,3
59,6,3
59,198,1
59,206,2
59,223,4
59,125,4
60,187,5
60,162,2
60,101,2
60,119,5
60,56,5
60,156,3
60,92,3
60,181,2
60,157,5
60,204,1
60,235,5
60,133,1
60,46,5
60,194,1
60,191,1
60,241,4
60,61,5
60,245,2
60,3,5
60,27,3
61,61,5
61,151,4
61,126,1
61,250,1
61,234,5
61,180,1
61,17,4
61,93,3
61,92,5
61,278,4
61,230,5
61,189,1
61,116,4
61,14,1
61,9,2
61,115,2
61,181,5
61,51,3
61,129,1
61,297,1
62,79,5
62,265,4
62,269,5
62,143,4
62,57,4
62,139,2
62,132,2
62,226,3
62,297,4
62,40,3
62,63,3
62,244,3
62,107,4
62,47,3
62,5,4
62,193,5
62,3,1
62,188,5
62,224,4
62,17,1
63,184,3
63,260,1
63,214,3
63,219,1
63,177,2
63,147,2
63,156,5
63,153,4
63,277,5
63,86,4
63,131,4
63,74,5
63,20,5
63,58,1
63,234,3
63,278,1
63,257,3
63,215,5
63,125,3
63,126,4
64,83,5
64,147,3
64,246,2
64,168,5
64,22,1
64,27,2
64,79,4
64,209,4
64,242,2
64,34,4
64,268,2
64,20,2
64,236,2
64,89,5
64,5,2
64,92,2
64,29,5
64,30,2
64,184,3
64,250,3
65,62,4
65,254,5
65,13,1
65,55,5
65,193,1
65,27,3
65,18,2
65,32,3
65,12,3
65,277,3
65,258,5
65,145,1
65,86,3
65,189,2
65,228,2
65,54,1
65,95,3
65,217,5
65,28,4
65,89,5
66,240,3
66,299,2
66,127,3
66,55,2
66,62,4
66,104,1
66,38,1
66,245,5
66,202,4
66,248,4
66,134,3
66,294,3
66,216,4
66,157,4
66,106,2
66,136,4
66,102,3
66,169,2
66,16,1
66,142,5
67,5,4
67,280,5
67,221,1
67,17,1
67,185,1
67,292,3
67,67,3
67,249,2
67,228,3
67,138,4
67,217,2
67,220,4
67,291,1
67,176,1
67,204,2
67,53,4
67,105,2
67,35,5
67,190,4
67,283,1
68,154,4
68,93,2
68,111,1
68,215,3
68,239,2
68,116,4
68,225,1
68,181,1
68,265,5
68,12,1
68,174,3
68,65,4
68,137,1
68,256,5
68,287,1
68,95,2
68,283,5
68,250,3
68,29,5
68,241,4
69,277,4
69,45,4
69,130,1
69,7,1
69,176,3
69,221,3
69,117,1
69,71,4
69,296,5
69,190,4
69,3,1
69,185,2
69,188,3
69,256,1
69,218,4
69,33,1
69,70,2
69,106,4
69,62,1
69,59,4
70,14,4
70,78,1
70,277,2
70,21,4
70,285,3
70,16,5
70,8,1
70,282,4
70,140,5
70,150,5
70,223,1
70,161,2
70,90,2
70,117,2
70,256,5
70,295,4
70,89,1
70,55,5
70,130,2
70,190,4
71,233,1
71,4,1
71,118,1
71,246,5
71,51,4
71,167,2
71,218,3
71,92,4
71,267,2
71,80,2
71,19,4
71,96,1
71,199,1
71,52,2
71,168,5
71,181,3
71,67,5
71,150,5
71,47,3
71,70,2
72,287,5
72,237,3
72,122,3
72,253,3
72,65,2
72,161,3
72,9,4
72,76,2
72,59,3
72,88,5
72,70,2
72,27,1
72,256,3
72,125,3
72,3,3
72,120,4
72,121,1
72,98,5
72,62,1
72,63,1
73,102,5
73,239,2
73,268,5
73,153,1
73,59,3
73,38,4
73,193,3
73,227,5
73,88,5
73,22,1
73,56,1
73,174,3
73,183,1
73,164,4
73,162,4
73,199,3
73,138,4
73,180,3
73,277,2
73,108,3
74,193,2
74,20,2
74,237,1
74,250,2
74,132,2
74,166,5
74,58,1
74,189,5
74,139,5
74,5,2
74,98,3
74,8,5
74,162,4
74,54,4
74,175,4
74,88,3
74,70,1
74,147,4
74,279,3
74,254,5
75,299,1
75,215,1
75,272,1
75,275,4
75,291,1
75,183,3
75,88,1
75,6,3
75,128,5
75,202,5
75,99,5
75,284,4
75,50,3
75,218,2
75,181,5
75,261,3
75,80,1
75,3,1
75,270,1
75,233,3
76,8,3
76,174,1
76,255,2
76,6,1
76,92,2
76,134,5
76,150,5
76,185,1
76,28,3
76,49,1
76,198,2
76,67,2
76,187,1
76,182,4
76,14,4
76,175,2
76,42,1
76,265,5
76,164,1
76,206,5
77,53,3
77,97,5
77,215,4
77,238,1
77,194,1
77,46,1
77,113,3
77,173,2
77,185,5
77,71,3
77,207,2
77,15,4
77,47,1
77,63,3
77,293,2
77,255,2
77,43,5
77,131,2
77,98,1
77,111,3
78,108,5
78,204,4
78,251,4
78,100,1
78,244,4
78,239,4
78,185,5
78,171,4
78,5,2
78,284,1
78,155,4
78,32,1
78,139,5
78,138,4
78,280,5
78,12,1
78,175,2
78,103,4
78,69,5
78,89,1
79,292,5
79,238,3
79,261,2
79,25,5
79,284,4
79,95,2
79,228,4
79,107,4
79,69,1
79,188,2
79,190,4
79,27,2
79,51,2
79,197,5
79,83,5
79,116,2
79,246,1
79,263,3
79,255,2
79,232,5
80,168,4
80,275,5
80,139,2
80,179,1
80,104,2
80,92,5
80,26,2
80,37,4
80,19,2
80,71,1
80,97,3
80,290,2
80,11,1
80,116,5
80,58,3
80,171,2
80,12,3
80,130,3
80,296,5
80,29,4
81,3,3
81,184,3
81,12,3
81,294,5
81,10,5
81,174,4
81,284,3
81,257,3
81,34,4
81,293,5
81,14,5
81,119,2
81,186,5
81,229,1
81,269,5
81,236,1
81,24,3
81,266,1
81,178,4
81,46,3
82,85,1
82,237,4
82,10,1
82,262,5
82,165,1
82,278,1
82,95,4
82,46,5
82,216,2
82,109,1
82,55,4
82,26,5
82,147,2
82,31,3
82,208,4
82,194,4
82,32,1
82,207,2
82,107,3
82,217,4
83,134,1
83,213,2
83,80,1
83,215,2
83,280,1
83,66,3
83,239,5
83,226,4
83,219,4
83,218,4
83,9,1
83,168,1
83,97,3
83,116,4
83,206,3
83,150,4
83,283,4
83,228,5
83,181,1
83,14,3
84,122,1
84,292,4
84,192,5
84,152,1
84,151,1
84,183,1
84,196,2
84,119,5
84,171,5
84,268,4
84,124,2
84,244,2
84,38,1
84,253,1
84,185,4
84,234,3
84,294,5
84,206,1
84,136,5
84,219,4
85,81,2
85,220,1
85,260,2
85,165,2
85,129,1
85,132,2
85,53,5
85,216,2
85,48,5
85,187,5
85,188,5
85,20,3
85,259,2
85,112,3
85,64,4
85,186,1
85,164,4
85,277,1
85,136,3
85,13,1
86,21,1
86,229,5
86,176,2
86,67,4
86,108,1
86,171,2
86,83,5
86,84,4
86,277,5
86,295,2
86,78,2
86,211,1
86,25,4
86,212,4
86,134,1
86,204,5
86,281,5
86,157,1
86,162,4
86,236,3
87,84,4
87,246,5
87,169,5
87,37,5
87,258,1
87,206,4
87,27,3
87,143,3
87,241,1
87,120,3
87,82,4
87,66,4
87,259,4
87,121,1
87,222,1
87,242,3
87,134,3
87,144,3
87,98,3
87,16,2
88,63,5
88,89,5
88,128,2
88,273,1
88,5,5
88,288,2
88,251,5
88,256,4
88,16,4
88,221,2
88,222,4
88,214,1
88,146,5
88,78,2
88,33,2
88,29,3
88,171,5
88,106,2
88,189,5
88,50,4
89,157,4
89,87,5
89,238,3
89,169,2
89,292,5
89,291,2
89,184,1
89,94,5
89,293,3
89,49,5
89,217,4
89,200,5
89,152,3
89,270,3
89,225,2
89,232,5
89,193,4
89,91,5
89,277,4
89,167,1
90,270,2
90,279,3
90,143,1
90,104,1
90,263,3
90,258,4
90,123,2
90,229,5
90,276,4
90,110,2
90,177,4
90,76,2
90,209,4
90,51,5
90,195,1
90,37,4
90,245,3
90,240,3
90,87,2
90,112,1
91,35,5
91,146,4
91,282,4
91,129,3
91,241,5
91,120,1
91,160,1
91,274,5
91,195,2
91,116,5
91,82,5
91,135,1
91,118,5
91,94,1
91,188,3
91,46,4
91,69,3
91,122,3
91,156,4
91,40,3
92,12,1
92,227,1
92,90,2
92,249,1
92,131,1
92,88,4
92,165,3
92,65,3
92,263,3
92,152,2
92,217,3
92,147,4
92,262,5
92,292,4
92,224,3
92,138,4
92,219,5
92,36,4
92,59,4
92,134,5
93,159,1
93,180,5
93,201,2
93,22,3
93,36,3
93,62,4
93,128,2
93,93,1
93,24,4
93,76,1
93,253,1
93,160,2
93,297,2
93,8,5
93,268,2
93,100,5
93,195,5
93,291,3
93,226,4
93,38,2
94,81,3
94,247,3
94,62,2
94,202,1
94,177,3
94,89,4
94,69,3
94,16,4
94,203,5
94,196,5
94,281,5
94,14,4
94,29,1
94,184,1
94,195,4
94,106,5
94,127,2
94,98,3
94,90,5
94,289,1
95,75,2
95,202,2
95,129,4
95,246,2
95,207,1
95,106,3
95,31,2
95,234,3
95,89,2
95,142,3
95,130,1
95,168,3
95,102,5
95,73,1
95,159,3
95,101,4
95,197,3
95,67,2
95,262,4
95,254,2
96,133,5
96,54,2
96,181,3
96,200,3
96,127,3
96,75,4
96,175,2
96,256,2
96,121,3
96,270,5
96,185,4
96,228,1
96,276,1
96,16,3
96,230,5
96,194,5
96,166,2
96,163,1
96,167,4
96,277,5
97,12,1
97,73,3
97,72,1
97,62,3
97,287,5
97,251,2
97,275,5
97,231,4
97,100,3
97,228,3
97,10,2
97,45,2
97,177,1
97,68,2
97,85,3
97,184,2
97,173,5
97,243,1
97,81,4
97,135,4
98,299,4
98,110,4
98,162,4
98,113,3
98,195,5
98,74,1
98,174,4
98,188,3
98,4,2
98,277,5
98,160,5
98,129,2
98,209,5
98,284,2
98,111,3
98,166,5
98,130,4
98,105,2
98,30,4
98,293,3
99,181,1
99,155,5
99,134,4
99,117,4
99,107,1
99,123,5
99,18,5
99,131,3
99,285,2
99,102,3
99,35,1
99,51,2
99,290,4
99,258,1
99,124,1
99,261,2
99,184,5
99,286,4
99,95,3
99,262,2
100,16,1
100,56,2
100,297,3
100,91,5
100,256,3
100,209,5
100,37,5
100,47,2
100,82,1
100,44,1
100,66,3
100,186,1
100,25,4
100,24,5
100,245,2
100,224,3
100,51,4
100,192,4
100,125,2
100,176,3
101,229,3
101,128,4
101,155,5
101,167,2
101,42,5
101,137,1
101,47,5
101,281,2
101,179,2
101,18,1
101,71,1
101,182,5
101,269,1
101,282,5
101,111,2
101,214,1
101,239,2
101,67,2
101,125,4
101,143,3
102,62,2
102,241,3
102,142,5
102,63,2
102,117,4
102,16,1
102,174,2
102,52,3
102,232,1
102,234,5
102,170,1
102,197,4
102,290,3
102,265,5
102,82,3
102,199,1
102,144,5
102,209,1
102,45,3
102,93,3
103,277,3
103,129,3
103,294,1
103,233,5
103,23,4
103,215,5
103,110,5
103,37,3
103,228,3
103,198,5
103,106,1
103,46,3
103,86,4
103,112,4
103,290,1
103,120,3
103,5,2
103,298,1
103,171,1
103,125,2
104,84,1
104,168,1
104,193,4
104,35,5
104,216,5
104,60,5
104,210,1
104,12,2
104,92,2
104,66,1
104,39,2
104,164,2
104,183,1
104,209,3
104,214,5
104,213,1
104,54,3
104,286,4
104,237,4
104,169,4
105,203,4
105,63,3
105,204,2
105,235,4
105,237,3
105,104,1
105,182,4
105,41,4
105,260,2
105,112,2
105,19,1
105,9,3
105,188,2
105,170,2
105,219,1
105,173,5
105,32,4
105,165,5
105,270,2
105,271,1
106,143,4
106,279,5
106,207,2
106,74,5
106,20,5
106,187,2
106,104,2
106,79,3
106,184,3
106,17,1
106,203,2
106,72,5
106,196,1
106,255,1
106,172,1
106,199,1
106,176,5
106,220,4
106,294,2
106,230,2
107,175,5
107,299,2
107,188,1
107,144,5
107,211,4
107,170,3
107,273,3
107,254,4
107,133,3
107,286,2
107,158,2
107,136,3
107,253,1
107,31,5
107,263,5
107,227,2
107,171,1
107,48,4
107,52,5
107,181,2
108,150,3
108,32,4
108,278,5
108,80,2
108,36,5
108,3,5
108,196,4
108,176,1
108,290,3
108,280,2
108,294,1
108,200,1
108,113,4
108,195,2
108,29,1
108,5,4
108,254,5
108,41,5
108,78,3
108,209,2
109,160,4
109,279,2
109,21,5
109,102,5
109,273,3
109,120,3
109,235,4
109,177,4
109,76,5
109,155,5
109,282,3
109,88,5
109,243,2
109,100,5
109,95,3
109,175,1
109,75,1
109,228,3
109,109,1
109,91,1
110,190,1
110,197,2
110,42,4
110,30,1
110,152,5
110,141,1
110,153,5
110,10,2
110,22,4
110,249,5
110,72,4
110,226,5
110,264,1
110,67,3
110,11,4
110,124,4
110,287,2
110,208,1
110,168,5
110,45,2
111,14,2
111,168,2
111,103,2
111,16,2
111,290,4
111,262,5
111,19,1
111,210,4
111,4,1
111,36,2
111,23,5
111,296,1
111,235,5
111,216,1
111,266,2
111,66,4
111,185,5
111,157,3
111,54,5
111,46,5
112,23,4
112,271,3
112,206,3
112,123,1
112,25,1
112,151,4
112,109,2
112,16,1
112,220,3
112,158,5
112,187,2
112,29,5
112,68,4
112,81,5
112,114,1
112,264,2
112,281,4
112,154,4
112,32,4
112,2,3
113,41,3
113,208,4
113,30,4
113,121,3
113,17,4
113,29,3
113,134,5
113,77,2
113,264,5
113,244,2
113,251,2
113,137,4
113,107,3
113,62,2
113,9,3
113,267,2
113,144,3
113,214,3
113,268,1
113,265,1
114,162,1
114,121,2
114,118,2
114,130,1
114,268,4
114,31,2
114,207,3
114,193,2
114,216,4
114,122,2
114,114,4
114,6,3
114,57,3
114,148,4
114,10,5
114,71,3
114,188,4
114,169,2
114,223,1
114,95,1
115,272,5
115,224,4
115,38,1
115,47,5
115,220,5
115,182,5
115,101,4
115,172,1
115,154,3
115,114,4
115,166,4
115,61,1
115,97,3
115,129,1
115,163,5
115,32,3
115,285,3
115,169,2
115,231,1
115,147,5
116,75,5
116,102,5
116,121,5
116,235,2
116,244,1
116,290,2
116,198,5
116,130,3
116,25,3
116,247,2
116,71,3
116,154,3
116,126,3
116,137,1
116,241,5
116,196,1
116,155,3
116,82,3
116,170,1
116,123,1
117,40,4
117,217,1
117,117,5
117,103,1
117,59,2
117,122,3
117,224,1
117,107,1
117,149,3
117,137,2
117,271,4
117,113,4
117,150,4
117,232,1
117,270,4
117,100,1
117,213,4
117,246,3
117,63,5
117,90,5
118,272,4
118,220,1
118,111,5
118,35,4
118,296,1
118,21,5
118,299,2
118,110,5
118,172,1
118,83,4
118,56,1
118,177,2
118,85,4
118,51,2
118,231,4
118,117,4
118,185,1
118,47,2
118,205,1
118,64,2
119,105,5
119,45,3
119,48,3
119,253,2
119,186,2
119,150,5
119,167,1
119,188,4
119,193,2
119,92,3
119,10,2
119,267,4
119,263,5
119,271,1
119,156,3
119,288,3
119,199,1
119,209,4
119,131,3
119,111,3
120,5,5
120,65,3
120,284,2
120,122,1
120,276,1
120,193,1
120,89,2
120,177,5
120,45,1
120,42,4
120,113,2
120,152,3
120,209,3
120,280,3
120,33,1
120,189,2
120,64,4
120,297,4
120,117,3
120,259,1
121,269,5
121,146,2
121,237,2
121,233,3
121,155,3
121,190,3
121,207,3
121,112,5
121,299,5
121,64,2
121,242,1
121,272,2
121,94,5
121,13,1
121,275,5
121,296,4
121,42,1
121,176,2
121,234,5
121,251,5
122,188,4
122,60,4
122,82,5
122,136,1
122,294,1
122,10,4
122,73,5
122,278,3
122,232,3
122,87,5
122,137,1
122,186,4
122,226,1
122,200,5
122,296,2
122,275,1
122,120,3
122,214,1
122,43,3
122,13,4
123,189,4
123,48,3
123,153,1
123,253,2
123,238,3
123,292,4
123,177,3
123,295,4
123,202,4
123,265,5
123,75,4
123,46,5
123,157,1
123,28,4
123,158,4
123,294,1
123,112,1
123,71,1
123,43,3
123,149,4
124,271,2
124,286,2
124,267,2
124,45,3
124,155,5
124,273,2
124,66,3
124,72,1
124,82,2
124,281,3
124,107,4
124,204,1
124,18,1
124,181,5
124,74,1
124,106,2
124,167,5
124,71,1
124,39,3
124,9,2
125,96,1
125,78,5
125,168,5
125,266,3
125,71,2
125,24,1
125,238,3
125,295,2
125,131,2
125,69,2
125,293,4
125,205,4
125,158,1
125,126,4
125,275,2
125,146,4
125,139,5
125,112,5
125,214,4
125,17,4
126,61,1
126,214,4
126,73,3
126,216,2
126,233,3
126,165,3
126,72,3
126,271,2
126,93,4
126,34,1
126,114,3
126,163,2
126,282,1
126,283,2
126,298,5
126,86,4
126,83,5
126,78,3
126,241,3
126,237,1
127,250,1
127,118,1
127,159,2
127,193,4
127,293,2
127,240,4
127,128,5
127,22,3
127,277,5
127,209,5
127,276,2
127,166,1
127,93,4
127,32,5
127,41,3
127,92,5
127,254,1
127,219,4
127,260,4
127,70,5
128,64,5
128,276,5
128,184,2
128,110,5
128,264,3
128,285,1
128,281,2
128,174,3
128,135,1
128,54,1
128,141,2
128,99,5
128,144,4
128,161,1
128,293,2
128,14,3
128,73,1
128,83,3
128,68,5
128,238,1
129,209,2
129,111,2
129,114,3
129,104,1
129,202,5
129,14,2
129,222,5
129,128,5
129,157,1
129,138,3
129,152,2
129,284,1
129,298,5
129,155,3
129,208,1
129,25,4
129,75,1
129,49,2
129,280,1
129,45,5
130,143,5
130,265,1
130,70,4
130,88,3
130,204,3
130,115,2
130,118,4
130,198,2
130,239,3
130,195,5
130,137,5
130,296,5
130,74,1
130,209,3
130,185,2
130,174,1
130,227,2
130,10,5
130,230,5
130,105,2
131,8,5
131,57,1
131,199,3
131,14,5
131,182,5
131,23,1
131,16,5
131,173,2
131,122,3
131,213,5
131,96,4
131,69,4
131,208,5
131,270,4
131,263,5
131,123,2
131,30,5
131,294,1
131,227,1
131,148,3
132,205,2
132,222,2
132,99,4
132,13,3
132,156,5
132,191,5
132,154,4
132,169,2
132,63,5
132,215,2
132,113,4
132,109,3
132,9,4
132,228,3
132,192,3
132,22,2
132,98,2
132,194,4
132,93,5
132,232,4
133,136,1
133,182,1
133,227,5
133,173,1
133,261,2
133,141,3
133,10,1
133,87,5
133,257,5
133,250,5
133,255,4
133,178,1
133,157,4
133,158,3
133,221,2
133,184,4
133,106,3
133,216,4
133,59,1
133,284,1
134,225,1
134,95,5
134,41,1
134,9,3
134,243,5
134,88,4
134,78,5
134,284,3
134,134,3
134,252,3
134,204,4
134,96,1
134,90,4
134,224,4
134,119,2
134,230,3
134,172,3
134,212,5
134,6,1
134,176,3
135,164,2
135,29,1
135,83,1
135,273,3
135,40,5
135,106,1
135,50,3
135,60,3
135,226,4
135,118,1
135,18,5
135,252,2
135,249,2
135,238,3
135,193,4
135,135,5
135,174,4
135,58,1
135,38,2
135,267,5
136,240,5
136,186,2
136,108,2
136,242,4
136,192,2
136,6,2
136,45,1
136,131,4
136,283,1
136,120,2
136,249,5
136,163,1
136,66,3
136,53,1
136,24,2
136,36,3
136,166,3
136,121,3
136,272,4
136,95,4
137,134,1
137,19,4
137,75,1
137,15,4
137,139,4
137,37,1
137,110,2
137,105,1
137,269,3
137,78,5
137,2,2
137,200,3
137,149,2
137,102,5
137,197,4
137,130,4
137,57,1
137,129,5
137,1,5
137,31,3
138,44,1
138,255,2
138,4,3
138,113,4
138,116,2
138,58,5
138,223,1
138,22,4
138,25,2
138,154,4
138,130,5
138,125,1
138,176,5
138,226,5
138,136,3
138,75,1
138,182,2
138,231,4
138,8,1
138,157,1
139,184,4
139,161,5
139,160,4
139,52,5
139,9,1
139,135,1
139,245,4
139,187,5
139,70,5
139,116,5
139,197,4
139,180,4
139,65,2
139,196,5
139,296,3
139,234,2
139,232,3
139,119,1
139,239,5
139,295,4
140,163,3
140,90,4
140,196,5
140,82,3
140,285,3
140,47,1
140,185,5
140,111,2
140,207,1
140,172,5
140,102,5
140,68,2
140,131,2
140,296,5
140,46,4
140,25,1
140,206,4
140,123,5
140,169,5
140,229,4
141,41,1
141,278,1
141,6,3
141,156,4
141,37,5
141,78,3
141,9,5
141,54,4
141,23,4
141,213,4
141,253,1
141,32,2
141,282,4
141,238,2
141,2,5
141,28,3
141,49,4
141,42,5
141,263,5
141,135,3
142,98,1
142,50,1
142,106,3
142,201,1
142,291,3
142,19,2
142,245,4
142,200,3
142,175,2
142,51,2
142,23,4
142,276,3
142,11,3
142,227,3
142,217,4
142,103,3
142,167,2
142,10,3
142,221,4
142,261,5
143,258,1
143,83,1
143,56,5
143,169,1
143,8,2
143,176,1
143,99,3
143,236,4
143,50,3
143,138,4
143,246,5
143,297,3
143,173,4
143,249,2
143,190,1
143,194,1
143,230,5
143,13,4
143,197,5
143,239,5
144,81,1
144,79,2
144,27,2
144,5,4
144,53,2
144,61,5
144,225,3
144,151,5
144,261,5
144,242,2
144,190,1
144,119,2
144,266,3
144,75,5
144,160,3
144,170,5
144,161,4
144,197,3
144,62,1
144,48,2
145,68,2
145,41,3
145,1,2
145,95,4
145,17,2
145,156,1
145,130,5
145,276,1
145,143,4
145,39,3
145,66,4
145,290,5
145,34,2
145,269,5
145,222,3
145,252,1
145,229,5
145,79,1
145,92,3
145,260,3
146,194,3
146,139,4
146,278,2
146,228,4
146,180,1
146,118,2
146,53,2
146,220,2
146,248,3
146,123,1
146,140,1
146,110,3
146,7,4
146,291,2
146,166,3
146,91,4
146,114,4
146,245,5
146,35,3
146,87,4
147,44,2
147,181,5
147,105,1
147,205,1
147,87,5
147,11,3
147,161,2
147,251,1
147,149,4
147,33,5
147,198,4
147,185,3
147,102,4
147,163,5
147,82,2
147,113,2
147,109,4
147,230,3
147,16,2
147,110,4
148,111,4
148,264,2
148,183,1
148,151,2
148,224,5
148,132,4
148,271,5
148,167,2
148,270,1
148,268,2
148,13,3
148,285,3
148,40,1
148,227,5
148,174,1
148,149,5
148,155,5
148,60,3
148,127,4
148,122,2
149,279,2
149,77,2
149,87,1
149,3,4
149,223,5
149,62,4
149,83,3
149,298,1
149,29,3
149,118,2
149,197,5
149,136,5
149,236,5
149,142,3
149,67,3
149,228,5
149,170,4
149,237,2
149,185,5
149,19,4
150,4,5
150,121,4
150,2,5
150,207,2
150,257,4
150,91,2
150,188,3
150,31,5
150,222,3
150,279,5
150,36,4
150,246,2
150,10,5
150,24,3
150,249,5
150,287,2
150,138,2
150,171,4
150,61,5
150,101,3
151,140,2
151,41,1
151,199,1
151,27,4
151,167,1
151,44,1
151,2,5
151,242,2
151,152,2
151,200,1
151,80,3
151,280,4
151,107,2
151,77,4
151,81,3
151,295,4
151,177,5
151,73,1
151,256,4
151,171,2
152,296,4
152,228,5
152,77,4
152,176,5
152,294,3
152,56,3
152,47,5
152,64,2
152,54,5
152,105,2
152,69,2
152,236,1
152,152,4
152,16,3
152,190,4
152,40,2
152,195,3
152,53,4
152,258,3
152,261,2
153,81,3
153,252,5
153,135,5
153,206,3
153,267,5
153,28,4
153,186,3
153,255,5
153,248,4
153,285,2
153,116,2
153,4,4
153,37,5
153,56,2
153,272,1
153,156,1
153,269,4
153,169,1
153,210,2
153,35,1
154,101,1
154,55,4
154,104,2
154,86,5
154,9,4
154,282,2
154,245,3
154,114,3
154,297,4
154,141,2
154,182,3
154,45,3
154,51,3
154,53,5
154,22,1
154,133,1
154,90,3
154,43,3
154,170,4
154,75,3
155,264,4
155,188,2
155,229,3
155,64,5
155,172,5
155,159,2
155,168,2
155,297,3
155,15,3
155,62,5
155,157,2
155,25,1
155,80,1
155,296,5
155,16,3
155,22,1
155,227,4
155,138,4
155,125,5
155,252,5
156,92,4
156,222,1
156,49,4
156,250,5
156,48,2
156,276,1
156,27,4
156,181,3
156,134,4
156,55,5
156,95,3
156,184,2
156,199,4
156,231,2
156,267,1
156,11,2
156,82,3
156,268,5
156,118,5
156,211,5
157,224,3
157,112,3
157,14,1
157,146,5
157,281,4
157,292,5
157,275,4
157,72,5
157,133,3
157,204,4
157,295,3
157,40,1
157,259,4
157,59,1
157,7,1
157,149,5
157,69,3
157,17,5
157,77,4
157,97,5
158,50,1
158,33,3
158,40,1
158,244,1
158,273,5
158,299,5
158,166,1
158,253,5
158,164,4
158,157,2
158,239,2
158,16,1
158,84,2
158,282,4
158,196,5
158,75,2
158,95,3
158,206,5
158,146,4
158,65,2
159,50,1
159,118,5
159,3,2
159,131,2
159,14,2
159,203,4
159,242,4
159,257,5
159,264,2
159,192,3
159,37,5
159,115,2
159,52,4
159,92,1
159,175,4
159,223,4
159,30,5
159,187,3
159,183,5
159,23,1
160,49,5
160,53,3
160,239,4
160,141,1
160,98,2
160,66,1
160,138,3
160,26,5
160,252,3
160,164,5
160,299,2
160,192,2
160,151,5
160,55,5
160,149,2
160,135,4
160,1,4
160,282,2
160,255,4
160,254,2
161,117,4
161,80,3
161,47,2
161,184,1
161,48,1
161,197,4
161,10,4
161,104,2
161,164,2
161,298,4
161,281,3
161,234,3
161,34,5
161,242,4
161,261,1
161,54,3
161,35,3
161,189,5
161,37,1
161,75,1
162,213,4
162,56,2
162,31,1
162,137,4
162,17,1
162,100,4
162,297,2
162,293,2
162,141,1
162,128,3
162,211,2
162,61,2
162,257,1
162,73,2
162,252,5
162,210,4
162,95,2
162,156,2
162,255,4
162,41,5
163,276,3
163,120,2
163,69,4
163,250,3
163,215,2
163,104,1
163,52,4
163,65,1
163,71,4
163,93,5
163,59,2
163,257,2
163,15,1
163,270,3
163,157,4
163,29,5
163,218,2
163,173,3
163,110,1
163,290,1
164,104,1
164,125,2
164,208,5
164,176,3
164,97,1
164,218,5
164,1,3
164,64,5
164,14,5
164,273,1
164,166,5
164,269,2
164,298,2
164,159,1
164,152,2
164,81,5
164,92,4
164,181,2
164,280,1
164,7,1
165,96,1
165,52,2
165,278,4
165,87,2
165,246,1
165,126,4
165,13,5
165,109,2
165,95,3
165,81,5
165,251,2
165,275,3
165,15,1
165,112,5
165,244,4
165,283,3
165,80,5
165,269,2
165,18,5
165,88,4
166,213,4
166,149,1
166,115,4
166,51,3
166,162,1
166,129,2
166,4,2
166,93,2
166,294,2
166,53,4
166,117,3
166,202,3
166,262,5
166,295,5
166,94,2
166,266,3
166,161,2
166,76,4
166,234,1
166,246,3
167,196,1
167,242,4
167,260,4
167,2,3
167,155,2
167,299,3
167,33,3
167,25,4
167,140,3
167,31,5
167,195,5
167,115,3
167,229,4
167,165,4
167,175,1
167,19,3
167,63,1
167,217,1
167,10,4
167,231,3
168,49,4
168,87,4
168,133,1
168,233,3
168,218,3
168,22,3
168,249,4
168,124,4
168,16,5
168,251,4
168,50,5
168,245,4
168,97,1
168,28,3
168,48,1
168,150,1
168,63,1
168,212,4
168,109,4
168,262,4
169,124,4
169,128,5
169,44,5
169,68,4
169,136,2
169,292,2
169,297,4
169,293,2
169,73,4
169,108,2
169,146,2
169,64,3
169,24,3
169,248,1
169,241,5
169,203,2
169,273,5
169,249,4
169,259,1
169,291,1
170,43,1
170,120,1
170,119,5
170,122,2
170,133,3
170,54,1
170,14,1
170,266,2
170,18,2
170,280,2
170,204,1
170,140,4
170,127,3
170,271,4
170,239,4
170,40,1
170,38,4
170,80,5
170,265,2
170,41,4
171,256,3
171,287,1
171,130,5
171,108,3
171,258,2
171,147,2
171,182,4
171,293,4
171,299,5
171,155,2
171,51,5
171,23,1
171,260,4
171,66,2
171,229,1
171,195,2
171,236,4
171,271,1
171,169,1
171,187,3
172,241,2
172,100,1
172,229,5
172,254,2
172,112,1
172,172,4
172,143,5
172,157,1
172,267,3
172,46,1
172,287,5
172,226,5
172,269,4
172,166,4
172,200,3
172,169,4
172,82,3
172,127,1
172,181,2
172,140,5
173,44,5
173,127,3
173,135,4
173,147,4
173,286,3
173,267,3
173,39,2
173,78,2
173,180,1
173,30,3
173,69,3
173,137,3
173,11,1
173,216,2
173,277,1
173,92,2
173,266,5
173,83,3
173,159,3
173,222,1
174,232,3
174,61,2
174,285,3
174,99,4
174,29,3
174,165,4
174,191,2
174,157,2
174,27,3
174,90,5
174,124,1
174,257,3
174,158,3
174,140,5
174,221,1
174,224,3
174,151,4
174,46,5
174,207,1
174,186,4
175,143,2
175,53,2
175,186,3
175,160,2
175,112,3
175,34,2
175,12,2
175,171,3
175,71,2
175,18,1
175,176,1
175,102,1
175,50,1
175,63,5
175,169,2
175,195,2
175,279,2
175,165,5
175,55,4
175,20,2
176,112,2
176,55,4
176,31,3
176,229,4
176,238,4
176,64,3
176,245,5
176,20,1
176,177,2
176,269,4
176,188,5
176,40,5
176,280,4
176,68,4
176,205,3
176,239,5
176,142,5
176,12,4
176,32,5
176,94,4
177,102,3
177,28,2
177,185,1
177,203,4
177,73,5
177,266,5
177,208,3
177,290,3
177,92,1
177,184,2
177,97,2
177,259,2
177,218,1
177,4,4
177,90,3
177,271,1
177,193,5
177,246,1
177,47,4
177,5,4
178,273,1
178,179,1
178,175,4
178,210,4
178,63,1
178,137,4
178,8,4
178,51,2
178,38,1
178,173,3
178,233,3
178,94,2
178,98,4
178,269,3
178,108,2
178,9,2
178,132,3
178,99,1
178,199,5
178,49,3
179,289,2
179,213,2
179,194,5
179,242,1
179,138,3
179,163,5
179,167,2
179,170,2
179,76,4
179,282,1
179,237,2
179,116,4
179,212,1
179,45,5
179,68,5
179,269,5
179,281,2
179,290,3
179,66,4
179,131,4
180,6,3
180,245,5
180,95,3
180,173,3
180,195,3
180,140,2
180,103,5
180,289,5
180,182,3
180,123,3
180,14,3
180,249,4
180,266,3
180,10,1
180,168,5
180,170,4
180,175,5
180,98,3
180,278,4
180,69,2
181,67,4
181,265,3
181,140,4
181,293,3
181,276,3
181,202,1
181,82,4
181,97,5
181,216,1
181,232,5
181,290,1
181,171,5
181,185,5
181,141,1
181,193,5
181,272,5
181,229,5
181,158,4
181,105,1
181,263,3
182,143,3
182,172,4
182,105,5
182,64,5
182,168,1
182,253,5
182,127,3
182,28,3
182,59,2
182,228,5
182,274,2
182,39,3
182,58,3
182,74,2
182,124,1
182,164,4
182,139,4
182,158,5
182,177,2
182,96,2
183,112,1
183,167,3
183,181,1
183,143,5
183,295,2
183,174,3
183,62,1
183,104,2
183,37,3
183,153,2
183,243,2
183,265,2
183,249,3
183,141,1
183,100,3
183,198,5
183,203,4
183,44,2
183,187,4
183,90,3
184,252,1
184,212,1
184,257,2
184,288,4
184,261,1
184,208,4
184,158,2
184,133,4
184,47,5
184,253,5
184,138,4
184,42,1
184,29,4
184,80,1
184,51,5
184,10,4
184,263,2
184,123,4
184,205,2
184,108,5
185,133,1
185,289,3
185,149,1
185,35,2
185,170,1
185,196,2
185,239,1
185,13,1
185,207,3
185,258,2
185,19,5
185,79,2
185,95,2
185,100,3
185,252,1
185,286,2
185,158,1
185,3,3
185,27,4
185,51,2
186,69,1
186,293,3
186,57,5
186,125,3
186,107,2
186,140,5
186,91,5
186,233,3
186,175,4
186,83,2
186,203,2
186,135,4
186,189,2
186,153,5
186,258,1
186,30,1
186,35,5
186,280,1
186,137,1
186,23,1
187,292,1
187,16,1
187,209,4
187,49,2
187,274,4
187,226,4
187,18,2
187,166,4
187,255,1
187,170,5
187,13,5
187,108,3
187,59,2
187,67,2
187,144,5
187,256,1
187,126,2
187,112,1
187,181,4
187,80,2
188,90,4
188,155,4
188,31,5
188,103,5
188,217,5
188,266,4
188,240,5
188,12,1
188,186,4
188,25,2
188,173,5
188,43,4
188,67,4
188,32,2
188,109,4
188,184,1
188,138,5
188,163,4
188,196,2
188,5,4
189,260,3
189,87,5
189,263,3
189,281,4
189,266,4
189,106,5
189,79,3
189,30,2
189,136,2
189,235,5
189,278,1
189,231,2
189,125,4
189,152,4
189,267,3
189,61,5
189,261,3
189,165,2
189,18,4
189,51,2
190,9,5
190,90,4
190,6,5
190,25,5
190,190,3
190,211,3
190,15,4
190,119,1
190,280,4
190,243,5
190,81,4
190,206,5
190,59,2
190,38,3
190,74,2
190,228,2
190,44,4
190,84,5
190,170,5
190,146,1
191,58,5
191,206,3
191,88,4
191,259,5
191,20,3
191,193,2
191,191,1
191,233,2
191,153,3
191,11,4
191,72,1
191,229,1
191,83,2
191,45,3
191,192,4
191,42,4
191,48,5
191,165,4
191,184,3
191,46,3
192,107,1
192,9,4
192,92,4
192,153,5
192,171,4
192,103,4
192,152,4
192,127,2
192,221,3
192,49,4
192,284,2
192,25,4
192,293,4
192,84,3
192,141,3
192,265,4
192,37,2
192,279,1
192,123,4
192,247,4
193,281,5
193,12,2
193,196,2
193,234,3
193,6,3
193,88,2
193,184,4
193,56,3
193,192,4
193,114,4
193,119,4
193,171,3
193,51,5
193,52,5
193,175,2
193,133,5
193,138,5
193,84,3
193,26,1
193,255,1
194,120,2
194,215,4
194,123,5
194,135,1
194,156,1
194,262,1
194,194,3
194,44,1
194,212,5
194,209,1
194,147,5
194,121,4
194,180,1
194,138,4
194,299,3
194,122,5
194,213,2
194,257,1
194,226,5
194,211,5
195,297,3
195,109,2
195,40,1
195,254,5
195,100,5
195,162,3
195,66,5
195,5,2
195,58,4
195,50,2
195,236,4
195,220,4
195,121,2
195,97,5
195,200,5
195,191,1
195,42,4
195,54,5
195,264,4
195,158,1
196,240,4
196,122,3
196,42,5
196,178,3
196,137,3
196,156,1
196,252,3
196,120,5
196,30,4
196,134,2
196,152,2
196,114,2
196,196,4
196,87,2
196,205,4
196,50,5
196,208,1
196,257,2
196,216,5
196,58,4
197,52,3
197,13,4
197,94,4
197,152,4
197,25,3
197,122,2
197,234,2
197,79,5
197,235,3
197,104,5
197,282,4
197,296,4
197,277,4
197,19,4
197,21,4
197,150,3
197,151,2
197,4,5
197,286,3
197,27,5
198,147,1
198,193,3
198,12,4
198,8,4
198,98,1
198,209,1
198,52,3
198,21,3
198,87,4
198,200,4
198,213,1
198,92,4
198,185,2
198,150,5
198,226,5
198,172,4
198,34,5
198,60,3
198,63,2
198,133,2
199,138,4
199,254,1
199,265,5
199,252,3
199,218,2
199,56,3
199,73,3
199,45,1
199,243,1
199,213,4
199,161,5
199,186,5
199,110,1
199,120,1
199,118,2
199,293,5
199,65,5
199,208,5
199,28,4
199,274,2
200,282,2
200,117,1
200,294,4
200,127,1
200,251,1
200,284,1
200,10,3
200,187,5
200,263,4
200,182,1
200,277,5
200,116,3
200,113,5
200,240,3
200,211,4
200,151,3
200,152,1
200,155,3
200,52,4
200,94,1
201,275,4
201,146,2
201,139,2
201,36,2
201,260,5
201,9,2
201,116,1
201,236,4
201,114,5
201,205,5
201,18,5
201,263,3
201,63,4
201,103,5
201,193,3
201,256,5
201,143,3
201,174,2
201,12,2
201,246,3
202,169,2
202,266,3
202,74,5
202,255,5
202,73,4
202,51,3
202,133,1
202,153,1
202,137,5
202,21,5
202,188,2
202,240,4
202,10,5
202,47,5
202,222,5
202,182,4
202,33,3
202,275,4
202,201,1
202,54,5
203,189,1
203,128,3
203,85,2
203,284,3
203,7,2
203,245,1
203,155,4
203,41,3
203,83,4
203,126,5
203,95,1
203,4,3
203,209,4
203,90,2
203,288,2
203,165,1
203,21,4
203,197,1
203,153,3
203,217,5
204,268,3
204,110,5
204,152,4
204,238,3
204,39,1
204,237,2
204,26,5
204,261,3
204,192,3
204,13,4
204,133,5
204,225,3
204,171,1
204,158,3
204,270,4
204,231,4
204,290,3
204,126,3
204,181,4
204,273,1
205,299,1
205,37,5
205,72,2
205,233,1
205,219,2
205,84,3
205,15,4
205,229,5
205,9,4
205,194,3
205,268,5
205,203,4
205,221,5
205,154,2
205,270,1
205,292,5
205,85,4
205,211,4
205,5,5
205,26,3
206,85,1
206,215,4
206,179,4
206,131,1
206,235,4
206,271,5
206,30,2
206,224,2
206,239,2
206,204,4
206,57,3
206,43,1
206,9,4
206,149,4
206,133,2
206,29,5
206,77,1
206,246,2
206,250,3
206,100,1
207,99,5
207,221,4
207,40,4
207,114,4
207,157,5
207,283,1
207,103,4
207,25,1
207,186,4
207,279,4
207,77,2
207,86,1
207,203,2
207,272,2
207,8,5
207,31,5
207,174,3
207,254,3
207,64,3
207,248,2
208,209,5
208,41,2
208,150,3
208,86,1
208,124,4
208,271,5
208,251,1
208,143,2
208,181,4
208,206,3
208,89,1
208,38,1
208,232,3
208,185,5
208,120,2
208,142,2
208,34,1
208,8,1
208,100,4
208,212,5
209,175,4
209,262,2
209,160,4
209,241,4
209,221,5
209,216,3
209,293,3
209,226,2
209,10,3
209,56,3
209,131,5
209,34,2
209,35,2
209,212,5
209,294,5
209,154,2
209,105,3
209,285,3
209,185,2
209,268,2
210,95,4
210,54,1
210,42,4
210,12,2
210,289,3
210,251,1
210,34,4
210,178,4
210,272,4
210,285,1
210,212,3
210,52,4
210,96,1
210,252,3
210,203,4
210,160,4
210,47,1
210,84,3
210,258,4
210,171,4
211,81,3
211,90,5
211,64,4
211,104,3
211,269,3
211,178,1
211,67,1
211,14,3
211,49,1
211,115,2
211,69,5
211,279,4
211,233,5
211,51,4
211,122,4
211,108,3
211,247,3
211,257,1
211,50,2
211,252,5
212,197,4
212,173,5
212,202,1
212,30,3
212,188,2
212,116,2
212,231,3
212,19,2
212,203,5
212,38,2
212,94,2
212,126,5
212,35,2
212,274,2
212,175,5
212,160,4
212,190,1
212,158,5
212,217,1
212,293,5
213,273,1
213,87,4
213,66,1
213,160,1
213,238,1
213,82,2
213,153,3
213,166,4
213,18,4
213,173,1
213,287,1
213,157,1
213,296,5
213,233,4
213,236,4
213,81,1
213,235,2
213,106,4
213,197,3
213,248,4
214,259,3
214,267,4
214,45,3
214,217,4
214,153,3
214,240,3
214,145,4
214,275,2
214,290,2
214,74,4
214,148,4
214,260,3
214,88,4
214,155,5
214,108,2
214,94,5
214,195,5
214,222,4
214,147,5
214,91,2
215,73,3
215,54,1
215,71,4
215,114,1
215,6,1
215,16,5
215,141,4
215,138,3
215,293,1
215,57,2
215,84,2
215,233,4
215,92,3
215,175,3
215,295,3
215,42,5
215,286,2
215,11,1
215,130,2
215,143,2
216,149,3
216,228,3
216,281,4
216,145,4
216,46,4
216,35,2
216,129,5
216,100,3
216,286,5
216,107,1
216,143,5
216,160,3
216,171,2
216,187,4
216,84,3
216,299,1
216,14,5
216,297,4
216,121,1
216,102,5
217,267,3
217,27,5
217,299,2
217,4,1
217,212,4
217,127,3
217,130,4
217,21,5
217,29,3
217,278,3
217,289,2
217,140,1
217,270,1
217,72,5
217,62,3
217,104,5
217,115,2
217,288,4
217,58,3
217,138,2
218,194,1
218,142,5
218,266,5
218,207,5
218,201,1
218,32,1
218,150,2
218,241,4
218,263,2
218,159,4
218,299,5
218,85,4
218,249,4
218,87,5
218,127,2
218,6,4
218,110,3
218,100,3
218,247,2
218,29,4
219,1,3
219,115,2
219,17,2
219,241,2
219,4,2
219,173,2
219,289,4
219,223,1
219,14,3
219,228,3
219,233,2
219,217,2
219,216,2
219,125,3
219,238,3
219,142,1
219,113,3
219,25,5
219,124,4
219,23,3
220,176,5
220,184,1
220,35,2
220,272,2
220,142,3
220,165,5
220,122,5
220,288,4
220,162,4
220,273,3
220,220,3
220,151,2
220,1,5
220,262,3
220,144,4
220,219,4
220,47,2
220,237,4
220,96,5
220,100,2
221,80,4
221,137,2
221,157,3
221,145,3
221,257,4
221,193,2
221,23,4
221,191,3
221,24,4
221,280,3
221,172,1
221,89,2
221,96,3
221,163,3
221,35,4
221,287,4
221,242,2
221,189,4
221,195,4
221,61,1
222,222,5
222,69,4
222,26,1
222,55,1
222,227,5
222,221,3
222,1,3
222,59,3
222,289,2
222,114,1
222,237,4
222,33,2
222,3,4
222,250,2
222,29,3
222,233,5
222,46,2
222,116,4
222,47,4
222,117,4
223,71,4
223,130,5
223,184,1
223,191,5
223,138,3
223,7,4
223,298,4
223,42,1
223,168,2
223,2,3
223,102,4
223,224,4
223,122,5
223,171,1
223,278,1
223,152,5
223,219,5
223,167,5
223,43,4
223,231,3
224,150,2
224,262,3
224,123,4
224,260,2
224,35,1
224,210,1
224,37,1
224,23,5
224,111,1
224,89,4
224,121,3
224,154,2
224,182,3
224,281,4
224,209,1
224,36,5
224,110,1
224,24,4
224,253,3
224,157,3
225,139,5
225,238,2
225,30,1
225,212,3
225,76,3
225,291,4
225,289,5
225,233,3
225,274,3
225,135,2
225,110,2
225,113,4
225,256,4
225,33,4
225,237,1
225,25,3
225,166,1
225,94,3
225,81,3
225,195,4
226,142,1
226,52,5
226,162,3
226,209,5
226,1,5
226,27,4
226,124,2
226,24,2
226,92,4
226,257,5
226,213,1
226,151,3
226,90,3
226,15,5
226,281,1
226,12,3
226,150,3
226,22,1
226,146,2
226,273,1
227,84,2
227,225,3
227,138,1
227,40,1
227,125,4
227,288,5
227,94,3
227,38,4
227,20,5
227,219,5
227,120,3
227,153,4
227,281,5
227,165,1
227,104,3
227,121,1
227,80,4
227,135,5
227,247,4
227,234,4
228,145,3
228,157,2
228,141,1
228,112,2
228,208,3
228,189,5
228,98,4
228,24,3
228,100,4
228,262,1
228,239,1
228,155,4
228,11,3
228,96,1
228,217,1
228,22,5
228,32,4
228,238,5
228,74,2
228,237,5
229,295,4
229,1,5
229,242,3
229,224,1
229,185,5
229,268,1
229,45,5
229,254,3
229,283,1
229,219,3
229,40,5
229,184,3
229,97,2
229,149,4
229,189,4
229,231,4
229,269,1
229,233,5
229,96,2
229,77,3
230,16,2
230,131,3
230,55,4
230,233,5
230,153,1
230,164,5
230,20,5
230,104,5
230,125,4
230,297,2
230,230,4
230,137,2
230,33,3
230,245,3
230,216,5
230,159,4
230,203,4
230,39,3
230,31,1
230,78,3
231,238,2
231,262,3
231,68,3
231,219,2
231,21,4
231,66,3
231,143,2
231,27,2
231,17,3
231,6,5
231,237,1
231,214,4
231,29,2
231,104,2
231,59,5
231,58,4
231,3,5
231,5,4
231,142,5
231,259,1
232,228,4
232,296,4
232,195,5
232,207,2
232,59,1
232,49,2
232,17,5
232,34,2
232,181,5
232,299,4
232,167,3
232,196,1
232,266,3
232,112,4
232,77,5
232,23,3
232,171,2
232,246,1
232,67,1
232,83,3
233,186,5
233,114,3
233,107,3
233,210,2
233,252,2
233,89,2
233,39,4
233,147,4
233,237,4
233,83,5
233,60,2
233,41,4
233,296,3
233,43,2
233,84,4
233,152,4
233,230,1
233,231,4
233,96,5
233,164,2
234,139,2
234,27,5
234,14,5
234,175,1
234,191,4
234,43,5
234,17,3
234,238,3
234,106,2
234,21,2
234,151,2
234,296,4
234,107,5
234,74,5
234,273,2
234,104,2
234,242,4
234,158,3
234,192,5
234,297,4
235,45,1
235,180,1
235,30,5
235,53,3
235,33,5
235,279,4
235,176,1
235,258,2
235,197,5
235,73,2
235,270,2
235,14,3
235,292,2
235,225,5
235,39,3
235,122,4
235,187,3
235,196,3
235,268,5
235,170,5
236,278,5
236,51,2
236,77,5
236,284,1
236,250,2
236,285,5
236,78,4
236,165,5
236,245,5
236,189,2
236,162,4
236,28,5
236,49,3
236,48,2
236,271,3
236,100,5
236,147,4
236,122,2
236,106,3
236,81,5
237,186,5
237,34,1
237,178,5
237,71,1
237,115,3
237,270,2
237,242,3
237,111,4
237,105,3
237,240,3
237,130,5
237,182,5
237,58,5
237,21,1
237,250,4
237,57,5
237,237,2
237,188,3
237,36,5
237,226,1
238,101,1
238,292,5
238,191,3
238,150,4
238,156,4
238,46,4
238,291,4
238,193,2
238,147,1
238,297,5
238,149,1
238,81,5
238,284,3
238,235,1
238,51,3
238,202,2
238,283,5
238,173,3
238,95,1
238,116,5
239,269,4
239,107,1
239,96,4
239,62,3
239,233,1
239,6,1
239,143,4
239,296,3
239,193,2
239,262,5
239,71,4
239,133,5
239,224,3
239,174,5
239,155,5
239,23,2
239,60,2
239,223,1
239,278,2
239,216,4
240,241,4
240,237,4
240,86,3
240,246,3
240,194,2
240,229,5
240,128,1
240,259,2
240,180,3
240,77,4
240,275,3
240,119,5
240,174,2
240,109,4
240,158,4
240,38,3
240,252,5
240,29,4
240,74,3
240,3,5
241,198,1
241,147,5
241,22,5
241,191,4
241,193,2
241,273,5
241,184,2
241,201,4
241,292,3
241,94,1
241,299,3
241,279,5
241,26,3
241,69,4
241,4,3
241,224,4
241,185,1
241,45,4
241,277,5
241,150,2
242,95,4
242,162,1
242,124,1
242,94,1
242,225,3
242,6,4
242,212,4
242,13,1
242,139,5
242,262,2
242,96,3
242,218,2
242,260,5
242,53,1
242,192,1
242,276,3
242,128,5
242,68,2
242,31,5
242,28,1
243,149,1
243,145,3
243,179,1
243,269,2
243,187,1
243,178,1
243,133,1
243,293,1
243,147,2
243,99,1
243,141,3
243,16,4
243,237,3
243,195,1
243,139,4
243,40,3
243,137,1
243,256,1
243,55,3
243,188,4
244,36,2
244,164,1
244,10,3
244,99,4
244,136,2
244,263,2
244,243,1
244,28,4
244,68,3
244,277,5
244,287,4
244,163,4
244,56,5
244,130,3
244,29,2
244,161,5
244,201,2
244,250,4
244,218,2
244,282,5
245,68,3
245,286,2
245,16,4
245,165,4
245,267,2
245,214,3
245,232,3
245,83,4
245,55,3
245,284,4
245,292,4
245,234,2
245,21,3
245,73,2
245,220,1
245,184,2
245,53,2
245,75,1
245,251,3
245,247,1
246,164,3
246,61,5
246,122,2
246,119,2
246,75,4
246,34,1
246,137,2
246,218,2
246,95,4
246,189,3
246,182,2
246,206,4
246,60,1
246,174,5
246,50,2
246,112,2
246,8,4
246,253,2
246,216,3
246,209,4
247,22,2
247,275,3
247,247,4
247,234,2
247,75,1
247,196,1
247,173,5
247,32,2
247,226,4
247,67,1
247,219,2
247,116,1
247,295,4
247,198,4
247,239,4
247,181,5
247,137,2
247,255,5
247,188,3
247,48,4
248,155,1
248,208,5
248,64,2
248,32,4
248,261,1
248,111,5
248,57,1
248,116,3
248,289,4
248,292,5
248,270,5
248,194,4
248,75,3
248,160,4
248,222,4
248,74,5
248,39,2
248,267,3
248,83,3
248,153,1
249,287,4
249,30,3
249,184,1
249,219,5
249,168,4
249,44,5
249,206,2
249,217,2
249,211,3
249,39,2
249,59,4
249,69,4
249,272,4
249,60,3
249,97,1
249,246,2
249,117,1
249,107,1
249,90,3
249,35,1
250,284,1
250,95,4
250,28,1
250,200,1
250,3,1
250,198,1
250,42,3
250,116,3
250,259,5
250,186,5
250,113,2
250,91,5
250,275,1
250,12,5
250,111,2
250,177,1
250,103,2
250,83,2
250,201,3
250,227,1
251,232,3
251,106,1
251,104,4
251,173,5
251,275,2
251,262,1
251,274,3
251,205,3
251,185,5
251,255,4
251,51,5
251,101,5
251,197,5
251,130,5
251,248,1
251,145,4
251,224,5
251,266,2
251,188,4
251,90,3
252,29,1
252,186,3
252,109,2
252,165,1
252,190,5
252,25,2
252,17,5
252,152,1
252,178,5
252,187,3
252,58,1
252,285,3
252,255,3
252,99,3
252,103,2
252,93,4
252,146,5
252,287,5
252,208,4
252,266,4
253,95,5
253,260,3
253,96,3
253,162,4
253,88,4
253,134,1
253,13,1
253,156,5
253,79,1
253,19,2
253,272,1
253,164,5
253,138,1
253,18,3
253,183,1
253,245,4
253,254,4
253,291,3
253,64,2
253,231,2
254,176,4
254,279,1
254,283,4
254,125,1
254,6,3
254,79,1
254,4,1
254,251,3
254,63,3
254,277,1
254,219,2
254,236,2
254,9,4
254,280,5
254,273,5
254,81,4
254,206,1
254,93,3
254,223,4
254,290,5
255,138,3
255,109,5
255,78,1
255,115,5
255,96,3
255,83,3
255,49,2
255,239,1
255,17,3
255,148,1
255,91,4
255,226,1
255,248,5
255,74,5
255,100,4
255,240,3
255,107,5
255,9,4
255,66,4
255,111,1
256,186,5
256,137,5
256,108,5
256,298,4
256,78,2
256,190,5
256,233,3
256,212,1
256,88,1
256,221,2
256,256,3
256,25,2
256,98,4
256,128,2
256,195,2
256,299,4
256,64,2
256,99,4
256,245,3
256,278,1
257,112,5
257,22,5
257,62,3
257,66,2
257,215,5
257,260,3
257,116,3
257,133,1
257,72,4
257,49,3
257,50,2
257,105,3
257,85,2
257,293,4
257,151,3
257,60,4
257,285,3
257,29,1
257,101,3
257,174,1
258,101,4
258,39,1
258,69,2
258,52,3
258,129,4
258,131,4
258,168,5
258,223,5
258,45,2
258,239,2
258,257,4
258,198,5
258,149,4
258,73,5
258,28,4
258,117,2
258,56,1
258,162,4
258,161,3
258,142,4
259,110,5
259,134,2
259,248,4
259,75,2
259,143,1
259,246,3
259,184,5
259,274,3
259,70,5
259,73,1
259,221,3
259,90,2
259,228,4
259,223,5
259,96,4
259,109,3
259,247,5
259,289,5
259,108,2
259,215,5
260,287,1
260,98,1
260,90,5
260,158,3
260,138,1
260,66,1
260,256,2
260,169,5
260,200,4
260,44,5
260,37,3
260,160,3
260,191,2
260,82,4
260,101,5
260,258,1
260,195,3
260,105,5
260,129,1
260,145,2
261,272,5
261,229,3
261,31,2
261,24,2
261,49,4
261,183,2
261,243,4
261,2,2
261,28,1
261,110,2
261,284,1
261,180,1
261,259,3
261,26,4
261,76,5
261,84,1
261,194,5
261,117,4
261,59,3
261,93,2
262,150,4
262,250,4
262,277,1
262,179,2
262,192,2
262,126,3
262,238,1
262,27,4
262,274,4
262,136,4
262,217,1
262,88,4
262,15,2
262,273,2
262,13,3
262,10,4
262,218,4
262,148,4
262,279,1
262,276,3
263,27,2
263,271,1
263,237,1
263,67,3
263,247,1
263,211,2
263,256,4
263,121,3
263,274,5
263,170,2
263,297,2
263,65,4
263,36,4
263,120,1
263,71,2
263,245,2
263,49,3
263,110,2
263,66,1
263,277,3
264,258,2
264,98,2
264,6,2
264,162,5
264,228,1
264,227,5
264,94,3
264,107,4
264,16,1
264,83,3
264,120,2
264,277,1
264,251,1
264,274,3
264,210,4
264,172,2
264,134,4
264,141,5
264,86,2
264,3,5
265,55,2
265,108,2
265,291,2
265,294,5
265,181,3
265,207,2
265,98,4
265,160,4
265,145,5
265,95,5
265,81,3
265,63,4
265,297,4
265,275,5
265,178,4
265,236,3
265,143,5
265,226,2
265,195,1
265,50,4
266,131,4
266,268,2
266,153,3
266,159,1
266,65,1
266,146,2
266,273,1
266,161,4
266,89,2
266,239,3
266,28,1
266,135,4
266,234,5
266,231,4
266,238,4
266,100,1
266,283,5
266,272,4
266,80,4
266,265,2
267,101,5
267,125,3
267,110,3
267,165,3
267,131,3
267,266,4
267,78,4
267,185,4
267,225,5
267,40,5
267,9,5
267,67,2
267,63,3
267,177,2
267,55,4
267,86,2
267,82,4
267,133,5
267,259,1
267,186,1
268,209,2
268,153,4
268,241,1
268,80,4
268,1,5
268,192,3
268,2,5
268,86,4
268,285,2
268,117,2
268,96,3
268,115,2
268,138,4
268,88,4
268,161,4
268,230,4
268,34,3
268,202,2
268,283,5
268,236,1
269,293,4
269,125,4
269,119,1
269,15,3
269,104,2
269,110,4
269,244,5
269,95,4
269,47,1
269,230,3
269,84,1
269,11,4
269,45,1
269,258,3
269,252,5
269,180,5
269,132,3
269,294,1
269,120,5
269,282,4
270,299,2
270,133,3
270,117,4
270,87,1
270,135,4
270,2,5
270,279,2
270,210,1
270,144,5
270,222,4
270,253,3
270,150,5
270,26,3
270,264,3
270,71,5
270,145,3
270,258,1
270,288,5
270,76,1
270,51,1
271,264,3
271,46,2
271,281,5
271,118,3
271,26,2
271,100,3
271,298,4
271,244,4
271,119,4
271,254,4
271,183,5
271,90,5
271,171,3
271,52,2
271,287,3
271,198,3
271,141,2
271,246,1
271,137,1
271,197,5
272,2,1
272,272,4
272,133,2
272,127,5
272,99,2
272,279,2
272,112,5
272,68,5
272,289,4
272,286,5
272,192,5
272,35,2
272,230,5
272,224,2
272,91,4
272,200,3
272,216,2
272,51,1
272,81,5
272,102,4
273,217,3
273,152,2
273,199,3
273,156,4
273,197,3
273,11,4
273,52,3
273,135,4
273,41,3
273,168,1
273,299,4
273,106,5
273,23,2
273,42,5
273,214,1
273,149,3
273,66,3
273,46,2
273,114,4
273,185,4
274,154,1
274,162,1
274,86,1
274,102,5
274,5,3
274,93,4
274,163,1
274,236,4
274,60,3
274,45,2
274,295,3
274,177,3
274,267,5
274,228,4
274,48,1
274,51,5
274,235,3
274,141,1
274,297,1
274,110,2
275,202,1
275,99,4
275,20,5
275,106,1
275,274,3
275,88,3
275,275,1
275,150,3
275,27,4
275,223,4
275,44,3
275,85,4
275,15,3
275,83,2
275,199,2
275,31,2
275,165,2
275,283,2
275,92,3
275,232,3
276,65,2
276,88,1
276,137,3
276,201,5
276,159,2
276,79,5
276,67,3
276,224,5
276,170,2
276,288,4
276,181,3
276,115,2
276,173,3
276,186,1
276,21,4
276,7,2
276,126,4
276,1,4
276,180,4
276,32,2
277,164,3
277,165,2
277,25,1
277,111,1
277,87,2
277,26,3
277,199,1
277,115,1
277,103,4
277,179,5
277,276,1
277,251,3
277,123,4
277,250,2
277,37,3
277,39,4
277,80,4
277,118,1
277,19,2
277,149,3
278,115,1
278,121,3
278,215,3
278,156,4
278,176,1
278,153,3
278,47,5
278,56,2
278,221,5
278,8,1
278,277,2
278,282,3
278,21,2
278,296,3
278,146,1
278,193,1
278,39,3
278,163,4
278,22,3
278,161,2
279,42,2
279,128,1
279,56,3
279,26,2
279,172,2
279,126,4
279,84,2
279,66,4
279,169,2
279,97,2
279,3,3
279,44,2
279,282,1
279,78,2
279,278,5
279,220,2
279,91,5
279,144,3
279,184,2
279,155,4
280,117,3
280,118,4
280,78,5
280,16,4
280,58,3
280,29,5
280,3,2
280,271,1
280,166,1
280,5,4
280,167,2
280,145,1
280,108,4
280,248,4
280,10,5
280,180,2
280,20,3
280,95,5
280,141,4
280,237,3
281,210,4
281,27,4
281,241,1
281,257,2
281,75,5
281,3,1
281,195,2
281,270,3
281,90,4
281,30,2
281,152,2
281,279,1
281,150,1
281,178,4
281,102,3
281,151,3
281,10,5
281,186,5
281,192,1
281,264,1
282,22,5
282,210,2
282,220,2
282,218,3
282,239,2
282,157,1
282,12,1
282,176,5
282,283,4
282,253,2
282,92,2
282,205,2
282,148,3
282,138,5
282,1,4
282,48,5
282,81,1
282,108,5
282,144,5
282,161,1
283,157,1
283,209,3
283,48,3
283,135,1
283,71,5
283,34,5
283,220,1
283,170,3
283,23,3
283,233,3
283,206,4
283,60,3
283,271,4
283,245,2
283,29,4
283,277,2
283,117,3
283,185,5
283,296,2
283,235,5
284,178,5
284,292,5
284,277,1
284,132,5
284,122,4
284,280,2
284,46,2
284,185,5
284,145,1
284,192,4
284,275,4
284,19,1
284,47,1
284,86,5
284,35,5
284,64,4
284,36,2
284,3,2
284,4,4
284,213,1
285,234,4
285,272,4
285,61,1
285,168,2
285,48,1
285,157,3
285,141,5
285,255,4
285,211,2
285,66,4
285,280,3
285,288,2
285,63,4
285,271,4
285,132,2
285,20,5
285,139,1
285,285,5
285,233,3
285,130,1
286,131,4
286,177,2
286,267,4
286,134,4
286,91,2
286,27,4
286,107,1
286,76,2
286,77,1
286,172,4
286,244,2
286,118,2
286,293,4
286,19,5
286,204,3
286,251,4
286,22,4
286,12,5
286,184,1
286,21,2
287,235,2
287,157,2
287,34,5
287,81,4
287,17,3
287,187,5
287,60,5
287,227,1
287,199,2
287,298,5
287,221,3
287,253,3
287,89,4
287,5,4
287,250,5
287,66,5
287,9,1
287,165,4
287,268,2
287,255,2
288,81,5
288,141,2
288,108,2
288,205,4
288,281,4
288,174,4
288,194,2
288,58,3
288,210,3
288,254,2
288,298,2
288,14,4
288,71,3
288,5,3
288,65,1
288,37,4
288,242,2
288,178,4
288,276,1
288,153,5
289,215,3
289,96,2
289,268,1
289,267,3
289,260,2
289,282,5
289,125,5
289,99,1
289,237,3
289,65,1
289,84,5
289,53,3
289,172,3
289,18,1
289,285,5
289,142,3
289,158,5
289,271,4
289,90,2
289,284,2
290,2,4
290,166,1
290,234,4
290,211,1
290,228,5
290,48,2
290,21,4
290,20,5
290,155,5
290,49,2
290,243,4
290,78,2
290,231,1
290,76,4
290,128,4
290,273,3
290,208,5
290,46,5
290,111,3
290,17,5
291,72,5
291,285,1
291,145,4
291,85,3
291,22,1
291,182,3
291,291,2
291,263,1
291,7,2
291,119,3
291,234,4
291,94,4
291,189,5
291,219,1
291,15,1
291,186,3
291,62,3
291,116,5
291,77,5
291,49,1
292,139,5
292,212,3
292,95,3
292,56,4
292,109,4
292,242,2
292,269,5
292,136,2
292,176,4
292,262,5
292,214,2
292,18,1
292,92,5
292,126,2
292,165,5
292,257,1
292,66,3
292,13,4
292,267,3
292,258,4
293,62,5
293,113,1
293,211,1
293,22,5
293,165,4
293,175,4
293,59,5
293,142,2
293,233,2
293,138,1
293,151,5
293,256,2
293,227,3
293,172,2
293,173,1
293,209,4
293,10,3
293,169,3
293,239,2
293,141,2
294,160,2
294,83,5
294,69,1
294,14,2
294,47,5
294,248,5
294,27,4
294,110,2
294,58,2
294,190,5
294,91,1
294,136,5
294,245,1
294,153,2
294,132,1
294,266,5
294,2,4
294,101,4
294,67,4
294,40,2
295,228,5
295,41,5
295,116,4
295,213,3
295,14,1
295,23,5
295,162,5
295,22,4
295,166,3
295,131,2
295,262,4
295,137,2
295,32,1
295,294,5
295,118,5
295,191,5
295,82,4
295,260,4
295,202,1
295,196,3
296,78,5
296,167,5
296,18,4
296,143,2
296,218,2
296,2,5
296,122,3
296,191,4
296,49,1
296,217,5
296,47,3
296,90,4
296,10,4
296,195,1
296,26,4
296,8,5
296,206,1
296,138,1
296,251,3
296,116,2
297,248,1
297,42,5
297,153,5
297,34,2
297,154,5
297,138,3
297,120,5
297,171,3
297,105,1
297,44,2
297,126,4
297,203,5
297,224,4
297,28,2
297,51,2
297,137,3
297,163,5
297,208,3
297,35,4
297,27,3
298,151,2
298,25,1
298,248,2
298,120,3
298,221,2
298,299,5
298,182,2
298,12,1
298,290,2
298,273,2
298,14,3
298,178,3
298,115,2
298,73,2
298,122,1
298,119,3
298,49,2
298,191,4
298,293,3
298,121,4
299,172,2
299,42,2
299,296,1
299,175,4
299,20,1
299,230,2
299,254,2
299,242,3
299,231,2
299,27,5
299,118,2
299,244,1
299,24,1
299,88,5
299,151,2
299,191,3
299,147,5
299,33,4
299,261,4
299,112,5
